Model,R²,MAE,RMSE,MAPE,Explained Variance
Random Forest,0.9999999864512681,1.6978901111708494e-05,0.00011479832410720462,9.043155366406647e-05,0.9999999864512681
XGBoost,0.9999999831539141,9.492983401068514e-05,0.0001280075920413543,0.00017831499705791838,0.9999999831539141
LightGBM,0.9999999754153337,3.8817477449660135e-05,0.00015463876845649296,5.7438669722507596e-05,0.9999999754153337
CatBoost,0.9999999985558017,3.1374094314789765e-05,3.748000530218019e-05,8.63316450600746e-05,0.9999999985558017
Stacking,0.9999995980619707,0.00040957842293483295,0.0006252673803684884,0.000630145281356257,0.9999995980619707
